{"settings":{"opExample":[],"licence":"none","isPublic":false},"ops":[{"opId":"b0472a1d-db16-4ba6-8787-f300fbdc77bb","objName":"Ops.Gl.MainLoop","id":"c20ba3e7-c696-4403-9fd4-829b648b8307","uiAttribs":{"history":{"createdAt":1641591888602,"createdBy":{"name":"maxipe"},"lastInteractionAt":1641591888602,"lastInteractionBy":{"name":"maxipe"}},"subPatch":0,"translate":{"x":-204,"y":-720},"selected":false},"portsIn":[{"name":"FPS Limit","value":0},{"name":"Reduce FPS not focussed","value":true},{"name":"Reduce FPS loading","value":false},{"name":"Clear","value":true},{"name":"ClearAlpha","value":true},{"name":"Fullscreen Button","value":false},{"name":"Active","value":true},{"name":"Hires Displays","value":false}],"portsOut":[{"name":"trigger","links":[{"portIn":"exe","portOut":"trigger","objIn":"d420f33d-1f5b-4ce2-8c1f-4caf72d1feee","objOut":"c20ba3e7-c696-4403-9fd4-829b648b8307"}]},{"name":"width","links":[{"portIn":"Value","portOut":"width","objIn":"1caa32b9-ca67-47fa-8589-a1342a79fc88","objOut":"c20ba3e7-c696-4403-9fd4-829b648b8307"}]},{"name":"height","links":[{"portIn":"Value","portOut":"height","objIn":"b54478e0-4a8e-4857-973f-a27a378ccd15","objOut":"c20ba3e7-c696-4403-9fd4-829b648b8307"}]}]},{"opId":"a466bc1f-06e9-4595-8849-bffb9fe22f99","objName":"Ops.Sequence","id":"d420f33d-1f5b-4ce2-8c1f-4caf72d1feee","uiAttribs":{"history":{"createdAt":1641591895785,"createdBy":{"name":"maxipe"},"lastInteractionAt":1641591895785,"lastInteractionBy":{"name":"maxipe"}},"subPatch":0,"translate":{"x":-216,"y":-540},"selected":false},"portsIn":[{"name":"exe"},{"name":"Clean up connections","value":0},{"name":"exe 0","value":0},{"name":"exe 1","value":0},{"name":"exe 2","value":0},{"name":"exe 3","value":0},{"name":"exe 4","value":0},{"name":"exe 5","value":0},{"name":"exe 6","value":0},{"name":"exe 7","value":0},{"name":"exe 8","value":0},{"name":"exe 9","value":0},{"name":"exe 10","value":0},{"name":"exe 11","value":0},{"name":"exe 12","value":0},{"name":"exe 13","value":0},{"name":"exe 14","value":0}],"portsOut":[{"name":"trigger 0","links":[{"portIn":"render","portOut":"trigger 0","objIn":"9c9af354-94a2-4211-8623-940535685a91","objOut":"d420f33d-1f5b-4ce2-8c1f-4caf72d1feee"}]},{"name":"trigger 1","links":[{"portIn":"refresh","portOut":"trigger 1","objIn":"1096470c-504c-411e-9e98-7ab230245f5a","objOut":"d420f33d-1f5b-4ce2-8c1f-4caf72d1feee"}]},{"name":"trigger 2","links":[{"portIn":"Render","portOut":"trigger 2","objIn":"3ddad9f9-df66-498e-8736-985c2c6d6b56","objOut":"d420f33d-1f5b-4ce2-8c1f-4caf72d1feee"}]},{"name":"trigger 3","links":[{"portIn":"render","portOut":"trigger 3","objIn":"a1e08ea4-122f-4008-ad37-be25ac6cec7d","objOut":"d420f33d-1f5b-4ce2-8c1f-4caf72d1feee"}]},{"name":"trigger 4","links":[{"portIn":"Render","portOut":"trigger 4","objIn":"93a229ac-b03e-4dfc-9fab-96e622d30bac","objOut":"d420f33d-1f5b-4ce2-8c1f-4caf72d1feee"}]},{"name":"trigger 5","links":[{"portIn":"Trigger in","portOut":"trigger 5","objIn":"16efd9e7-8181-4400-9cf5-698e8abec55a","objOut":"d420f33d-1f5b-4ce2-8c1f-4caf72d1feee"}]},{"name":"trigger 6","links":[{"portIn":"render","portOut":"trigger 6","objIn":"84bc0de9-93ed-4306-a134-38abbc0e1e7f","objOut":"d420f33d-1f5b-4ce2-8c1f-4caf72d1feee"}]},{"name":"trigger 7","value":0},{"name":"trigger 8","links":[{"portIn":"Render","portOut":"trigger 8","objIn":"899894d3-c05e-4ed0-8b41-90aff066afd7","objOut":"d420f33d-1f5b-4ce2-8c1f-4caf72d1feee"}]},{"name":"trigger 9","links":[{"portIn":"Render","portOut":"trigger 9","objIn":"8edb6637-9694-4e8f-9f74-72073e346340","objOut":"d420f33d-1f5b-4ce2-8c1f-4caf72d1feee"}]},{"name":"trigger 10","value":0},{"name":"trigger 11","value":0},{"name":"trigger 12","value":0},{"name":"trigger 13","value":0},{"name":"trigger 14","links":[{"portIn":"Render","portOut":"trigger 14","objIn":"b35a5947-9707-4525-b415-f68e2ad979ee","objOut":"d420f33d-1f5b-4ce2-8c1f-4caf72d1feee"}]},{"name":"trigger 15","links":[{"portIn":"render","portOut":"trigger 15","objIn":"80f2e3a7-f00b-47df-a575-cf2f035c9397","objOut":"d420f33d-1f5b-4ce2-8c1f-4caf72d1feee"}]}]},{"opId":"790f3702-9833-464e-8e37-6f0f813f7e16","objName":"Ops.Gl.Texture_v2","id":"b04e1cb2-6353-40b1-9e14-1091d9162f12","uiAttribs":{"translate":{"x":144,"y":60},"history":{"createdAt":1641592106544,"createdBy":{"name":"maxipe"},"lastInteractionAt":1642098762931,"lastInteractionBy":{"name":"maxipe"}},"subPatch":0,"selected":false,"extendTitle":"gltf_embedded_0"},"portsIn":[{"name":"File","value":"assets/gltf_embedded_0.png","display":"file"},{"name":"Filter index","value":0},{"name":"Filter","value":"linear"},{"name":"Wrap index","value":2},{"name":"Wrap","value":"repeat"},{"name":"Anisotropic index","value":0},{"name":"Anisotropic","value":"16"},{"name":"Flip","value":true},{"name":"Pre Multiplied Alpha","value":false},{"name":"Active","value":true},{"name":"Save Memory","value":true}],"portsOut":[{"name":"Texture","links":[{"portIn":"Diffuse Texture","portOut":"Texture","objIn":"b852c05c-485d-46f2-9034-974655e1aaa6","objOut":"b04e1cb2-6353-40b1-9e14-1091d9162f12"},{"portIn":"Image","portOut":"Texture","objIn":"1b6c6f19-4a51-4326-bd4a-e9f558c41ed2","objOut":"b04e1cb2-6353-40b1-9e14-1091d9162f12"}]},{"name":"Width","value":2048},{"name":"Height","value":2048},{"name":"Aspect Ratio","value":1},{"name":"Loaded","value":true},{"name":"Loading","value":false}]},{"opId":"0d83ed06-cdbe-4fe0-87bb-0ccece7fb6e1","objName":"Ops.Gl.Phong.PhongMaterial_v6","id":"b852c05c-485d-46f2-9034-974655e1aaa6","uiAttribs":{"history":{"createdAt":1641592131477,"createdBy":{"name":"maxipe"},"lastInteractionAt":1642099003112,"lastInteractionBy":{"name":"maxipe"}},"subPatch":0,"translate":{"x":-108,"y":240},"selected":false},"portsIn":[{"name":"Trigger In"},{"name":"R","value":1},{"name":"G","value":1},{"name":"B","value":1},{"name":"A","value":1},{"name":"Enable","value":false},{"name":"Albedo","value":0.569},{"name":"Roughness","value":0.774},{"name":"Active","value":false},{"name":"Fresnel Intensity","value":0.597},{"name":"Fresnel Width","value":3.47},{"name":"Fresnel Exponent","value":8.61},{"name":"Fresnel R","value":0},{"name":"Fresnel G","value":0.796666750013828},{"name":"Fresnel B","value":1},{"name":"Emissive Active","value":false},{"name":"Color Intensity","value":0.3},{"name":"Emissive R","value":0.22722443096613132},{"name":"Emissive G","value":0.6171362301018068},{"name":"Emissive B","value":0.6338870774882159},{"name":"Shininess","value":94.07},{"name":"Specular Amount","value":0.5},{"name":"Specular Model index","value":0},{"name":"Specular Model","value":"Blinn"},{"name":"Energy Conservation","value":false},{"name":"Double Sided Material","value":false},{"name":"Falloff Mode index","value":0},{"name":"Falloff Mode","value":"A"},{"name":"Diffuse Texture"},{"name":"Specular Texture","value":0},{"name":"Normal Map"},{"name":"AO Texture","value":0},{"name":"Emissive Texture","value":0},{"name":"Emissive Mask","value":0},{"name":"Opacity Texture","value":0},{"name":"Environment Map","value":0},{"name":"Env Map Mask","value":0},{"name":"Colorize Texture","value":false},{"name":"Diffuse Repeat X","value":1},{"name":"Diffuse Repeat Y","value":1},{"name":"Texture Offset X","value":0},{"name":"Texture Offset Y","value":0},{"name":"Specular Intensity","value":1},{"name":"Normal Map Intensity","value":0.5},{"name":"AO Intensity","value":1},{"name":"Emissive Intensity","value":1},{"name":"Emissive Mask Intensity","value":1},{"name":"Env Map Intensity","value":1},{"name":"Env Mask Intensity","value":1},{"name":"Alpha Mask Source index","value":0},{"name":"Alpha Mask Source","value":"Luminance"},{"name":"Discard Transparent Pixels","value":false}],"portsOut":[{"name":"Trigger Out","links":[{"portIn":"Update","portOut":"Trigger Out","objIn":"2c21c0e9-a8cf-4dae-a167-d53cf035b760","objOut":"b852c05c-485d-46f2-9034-974655e1aaa6"},{"portIn":"Render","portOut":"Trigger Out","objIn":"75e3d467-f6c2-49b9-b9b4-40af24a23293","objOut":"b852c05c-485d-46f2-9034-974655e1aaa6"}]},{"name":"Shader"}]},{"opId":"2617b407-60a0-4ff6-b4a7-18136cfa7817","objName":"Ops.Math.MapRange","id":"62ee6aa2-ff05-4223-9f66-a7558fd2b49c","uiAttribs":{"history":{"createdAt":1641843271655,"createdBy":{"name":"maxipe"},"lastInteractionAt":1642247293705,"lastInteractionBy":{"name":"maxipe"}},"subPatch":0,"translate":{"x":156,"y":340},"selected":false},"portsIn":[{"name":"value"},{"name":"old min","value":0},{"name":"old max","value":0.35},{"name":"new min","value":0},{"name":"new max","value":10},{"name":"Easing index","value":0},{"name":"Easing","value":"Linear"}],"portsOut":[{"name":"result","links":[{"portIn":"Value","portOut":"result","objIn":"2c21c0e9-a8cf-4dae-a167-d53cf035b760","objOut":"62ee6aa2-ff05-4223-9f66-a7558fd2b49c"}]}]},{"opId":"650baeb1-db2d-4781-9af6-ab4e9d4277be","objName":"Ops.Gl.Matrix.Transform","id":"eb2de6a0-840c-432b-8a66-73fe5d9b9086","uiAttribs":{"history":{"createdAt":1641843409239,"createdBy":{"name":"maxipe"},"lastInteractionAt":1642257064044,"lastInteractionBy":{"name":"maxipe"}},"subPatch":0,"translate":{"x":-72,"y":100},"selected":false},"portsIn":[{"name":"render"},{"name":"posX","value":0},{"name":"posY","value":-0.57},{"name":"posZ","value":0},{"name":"scale","value":1.5},{"name":"rotX","value":0},{"name":"rotY"},{"name":"rotZ","value":0}],"portsOut":[{"name":"trigger","links":[{"portIn":"Trigger In","portOut":"trigger","objIn":"b852c05c-485d-46f2-9034-974655e1aaa6","objOut":"eb2de6a0-840c-432b-8a66-73fe5d9b9086"}]}]},{"opId":"a9c59d94-8aea-4c20-ab5d-63ce46ecfa16","objName":"Ops.Gl.GLTF.GltfScene_v3","id":"75e3d467-f6c2-49b9-b9b4-40af24a23293","uiAttribs":{"translate":{"x":-36,"y":480},"history":{"createdAt":1641844679495,"createdBy":{"name":"maxipe"},"lastInteractionAt":1641844679495,"lastInteractionBy":{"name":"maxipe"}},"subPatch":0,"selected":false,"extendTitle":"rigloro4"},"portsIn":[{"name":"data","value":""},{"name":"Render"},{"name":"glb File","value":"assets/rigloro4.glb","display":"file"},{"name":"Draw","value":true},{"name":"Camera index","value":0},{"name":"Camera","value":"None"},{"name":"Animation","value":""},{"name":"Show Structure","value":0},{"name":"Center index","value":1},{"name":"Center","value":"XYZ"},{"name":"Rescale","value":true},{"name":"Rescale Size","value":2.5},{"name":"Time"},{"name":"Sync to timeline","value":false},{"name":"Loop","value":true},{"name":"Normals Format index","value":0},{"name":"Normals Format","value":"XYZ"},{"name":"Vertices Format index","value":0},{"name":"Vertices Format","value":"XYZ"},{"name":"Calc Normals","value":false},{"name":"Materials","value":0},{"name":"Hide Nodes","value":0},{"name":"Active","value":true}],"portsOut":[{"name":"Render Before","value":0},{"name":"Next","value":0},{"name":"Generator","value":"Khronos glTF Blender I/O v1.6.16"},{"name":"GLTF Version","value":2},{"name":"GLTF Extensions Used"},{"name":"Anim Length","value":10.416666984558105},{"name":"Anim Time","value":0},{"name":"Json"},{"name":"Anims"},{"name":"BoundingPoints"},{"name":"Bounds"},{"name":"Finished","value":0},{"name":"Loading","value":false}]},{"opId":"90b95403-b0c4-4980-ab3b-b6c354771c81","objName":"Ops.WebAudio.Output_v2","id":"7cfc26fc-7eb1-4b58-9ae1-2b0d2045ca74","uiAttribs":{"translate":{"x":1212,"y":600},"subPatch":0,"selected":false,"notWorkingMsg":null,"fromNetwork":true,"history":{"lastInteractionAt":1642085878558,"lastInteractionBy":{"name":"maxipe"}}},"portsIn":[{"name":"Audio In"},{"name":"Volume","value":1},{"name":"Mute","value":false},{"name":"Show Audio Suspended Button","value":true}],"portsOut":[{"name":"Current Volume","value":1},{"name":"Context State","value":"running"}]},{"opId":"47796760-f211-47f5-9d6b-cc9cd6944897","objName":"Ops.WebAudio.SamplePlayer","id":"14ce4c3f-f3c5-4d56-91fa-8e33f9bc4344","uiAttribs":{"translate":{"x":648,"y":240},"subPatch":0,"selected":false,"notWorkingMsg":null,"fromNetwork":true},"portsIn":[{"name":"Audio Buffer"},{"name":"Play Sample"},{"name":"Stop Playback","value":0},{"name":"Start Time","value":0},{"name":"Offset","value":0},{"name":"Buffer Size","value":32},{"name":"Playback Rate","value":1},{"name":"Detune","value":0}],"portsOut":[{"name":"Audio Out","links":[{"portIn":"Audio In 0","portOut":"Audio Out","objIn":"9576b18e-5045-48df-87ea-5910d1e968eb","objOut":"14ce4c3f-f3c5-4d56-91fa-8e33f9bc4344"}]},{"name":"Is Playing","value":false}]},{"opId":"47641d85-9f81-4287-8aa2-35753b0727e0","objName":"Ops.Trigger.TriggerLimiter","id":"2ed29a6e-2cc5-4fdd-abe3-d7f014e6f6e8","uiAttribs":{"translate":{"x":804,"y":-60},"subPatch":0,"selected":false,"notWorkingMsg":null,"fromNetwork":true,"comment":"make sure you limit the triggers in descending order","history":{"lastInteractionAt":1642084656431,"lastInteractionBy":{"name":"maxipe"}}},"portsIn":[{"name":"In Trigger"},{"name":"Milliseconds","value":2000}],"portsOut":[{"name":"Out Trigger","links":[{"portIn":"Generate","portOut":"Out Trigger","objIn":"5f9e83ac-cda8-4444-a093-28d48674ce18","objOut":"2ed29a6e-2cc5-4fdd-abe3-d7f014e6f6e8"}]},{"name":"Progress","value":1}]},{"opId":"5f1d6a2f-1c04-4744-b0fb-910825beceee","objName":"Ops.WebAudio.AudioBuffer_v2","id":"06da07fe-e345-41a9-a132-57789bc556f4","uiAttribs":{"translate":{"x":564,"y":160},"subPatch":0,"notWorkingMsg":null,"selected":false,"comment":"cuidarse\n","fromNetwork":true,"history":{"lastInteractionAt":1642007779248,"lastInteractionBy":{"name":"maxipe"}}},"portsIn":[{"name":"URL","value":"assets/cuidarse_es_cuidarnos.mp3","display":"file"},{"name":"Create Loading Task","value":true}],"portsOut":[{"name":"Audio Buffer","links":[{"portIn":"Audio Buffer","portOut":"Audio Buffer","objIn":"14ce4c3f-f3c5-4d56-91fa-8e33f9bc4344","objOut":"06da07fe-e345-41a9-a132-57789bc556f4"}]},{"name":"Finished Loading","value":true},{"name":"Sample Rate","value":48000},{"name":"Length","value":151514},{"name":"Duration","value":3.1565416666666666},{"name":"Number of Channels","value":1},{"name":"isLoading","value":false}]},{"opId":"363980dc-39b8-4690-8b8d-bff954f65d49","objName":"Ops.WebAudio.Mixer","id":"9576b18e-5045-48df-87ea-5910d1e968eb","uiAttribs":{"translate":{"x":1212,"y":420},"subPatch":0,"selected":false,"notWorkingMsg":null,"history":{"lastInteractionAt":1642085949960,"lastInteractionBy":{"name":"maxipe"}}},"portsIn":[{"name":"Audio In 0"},{"name":"Audio In 1"},{"name":"Audio In 2"},{"name":"Audio In 3"},{"name":"Audio In 4"},{"name":"Audio In 5"},{"name":"Audio In 6"},{"name":"Audio In 7","value":null},{"name":"In 0 Gain","value":1},{"name":"In 1 Gain","value":1},{"name":"In 2 Gain","value":1},{"name":"In 3 Gain","value":1},{"name":"In 4 Gain","value":1},{"name":"In 5 Gain","value":1},{"name":"In 6 Gain","value":1},{"name":"In 7 Gain","value":1},{"name":"In 0 Pan","value":0},{"name":"In 1 Pan","value":0},{"name":"In 2 Pan","value":0},{"name":"In 3 Pan","value":0},{"name":"In 4 Pan","value":0},{"name":"In 5 Pan","value":0},{"name":"In 6 Pan","value":0},{"name":"In 7 Pan","value":0},{"name":"Output Gain","value":1}],"portsOut":[{"name":"Audio Out","links":[{"portIn":"Audio In","portOut":"Audio Out","objIn":"7cfc26fc-7eb1-4b58-9ae1-2b0d2045ca74","objOut":"9576b18e-5045-48df-87ea-5910d1e968eb"},{"portIn":"Audio In","portOut":"Audio Out","objIn":"1096470c-504c-411e-9e98-7ab230245f5a","objOut":"9576b18e-5045-48df-87ea-5910d1e968eb"}]}]},{"opId":"9fa3fc46-3147-4e3a-8ee8-a93ea9e8786e","objName":"Ops.Devices.Mouse.Mouse_v2","id":"5a878879-d238-4b05-a6c0-98824e1ec040","uiAttribs":{"history":{"createdAt":1642007795111,"createdBy":{"name":"maxipe"},"lastInteractionAt":1642007795111,"lastInteractionBy":{"name":"maxipe"}},"subPatch":0,"translate":{"x":684,"y":-140},"selected":false},"portsIn":[{"name":"Active","value":true},{"name":"relative","value":false},{"name":"normalize","value":false},{"name":"flip y","value":true},{"name":"Area index","value":0},{"name":"Area","value":"Canvas"},{"name":"right click prevent default","value":true},{"name":"Touch support","value":true},{"name":"smooth","value":false},{"name":"smoothSpeed","value":20},{"name":"multiply","value":1}],"portsOut":[{"name":"x","links":[{"portIn":"value","portOut":"x","objIn":"e20801fd-a020-4286-9803-2334451c957a","objOut":"5a878879-d238-4b05-a6c0-98824e1ec040"}]},{"name":"y","links":[{"portIn":"value","portOut":"y","objIn":"1230a843-66b8-4aef-b598-01ca37af0a4c","objOut":"5a878879-d238-4b05-a6c0-98824e1ec040"}]},{"name":"button down","value":false},{"name":"click","links":[{"portIn":"In Trigger","portOut":"click","objIn":"2ed29a6e-2cc5-4fdd-abe3-d7f014e6f6e8","objOut":"5a878879-d238-4b05-a6c0-98824e1ec040"}]},{"name":"Button Up","value":0},{"name":"click right","value":0},{"name":"mouseOver","value":false},{"name":"button","value":0}]},{"opId":"26f446cc-9107-4164-8209-5254487fa132","objName":"Ops.Math.TriggerRandomNumber_v2","id":"5f9e83ac-cda8-4444-a093-28d48674ce18","uiAttribs":{"history":{"createdAt":1642084764554,"createdBy":{"name":"maxipe"},"lastInteractionAt":1642085114093,"lastInteractionBy":{"name":"maxipe"}},"subPatch":0,"translate":{"x":900,"y":0},"selected":false},"portsIn":[{"name":"Generate"},{"name":"min","value":0},{"name":"max","value":6},{"name":"Integer","value":true}],"portsOut":[{"name":"next","links":[{"portIn":"Execute","portOut":"next","objIn":"456569c6-e7f6-4b00-bc85-bc0b524a02e9","objOut":"5f9e83ac-cda8-4444-a093-28d48674ce18"}]},{"name":"result","links":[{"portIn":"Switch Value","portOut":"result","objIn":"456569c6-e7f6-4b00-bc85-bc0b524a02e9","objOut":"5f9e83ac-cda8-4444-a093-28d48674ce18"}]}]},{"opId":"44ceb5d8-b040-4722-b189-a6fb8172517d","objName":"Ops.Trigger.RouteTrigger","id":"456569c6-e7f6-4b00-bc85-bc0b524a02e9","uiAttribs":{"history":{"createdAt":1642084870049,"createdBy":{"name":"maxipe"},"lastInteractionAt":1642084870049,"lastInteractionBy":{"name":"maxipe"}},"subPatch":0,"translate":{"x":1200,"y":40},"selected":false},"portsIn":[{"name":"Execute"},{"name":"Switch Value"}],"portsOut":[{"name":"Next Trigger","value":0},{"name":"Switched Value","value":1},{"name":"Trigger 0","links":[{"portIn":"Play Sample","portOut":"Trigger 0","objIn":"14ce4c3f-f3c5-4d56-91fa-8e33f9bc4344","objOut":"456569c6-e7f6-4b00-bc85-bc0b524a02e9"}]},{"name":"Trigger 1","links":[{"portIn":"Play Sample","portOut":"Trigger 1","objIn":"47d54549-a0e7-4872-9363-0e12cca8244f","objOut":"456569c6-e7f6-4b00-bc85-bc0b524a02e9"}]},{"name":"Trigger 2","links":[{"portIn":"Play Sample","portOut":"Trigger 2","objIn":"0e5fda26-ac09-4db5-b342-243dccc4ffc8","objOut":"456569c6-e7f6-4b00-bc85-bc0b524a02e9"}]},{"name":"Trigger 3","links":[{"portIn":"Play Sample","portOut":"Trigger 3","objIn":"9eeef74e-42fb-4396-94c9-6ed5c832cbdc","objOut":"456569c6-e7f6-4b00-bc85-bc0b524a02e9"}]},{"name":"Trigger 4","links":[{"portIn":"Play Sample","portOut":"Trigger 4","objIn":"78daa437-428e-485e-baf5-d8e7a31c6f80","objOut":"456569c6-e7f6-4b00-bc85-bc0b524a02e9"}]},{"name":"Trigger 5","links":[{"portIn":"Play Sample","portOut":"Trigger 5","objIn":"0123309c-5a38-4484-bbfe-223c8829e87a","objOut":"456569c6-e7f6-4b00-bc85-bc0b524a02e9"}]},{"name":"Trigger 6","links":[{"portIn":"Play Sample","portOut":"Trigger 6","objIn":"07b14740-09ef-4be6-ba6e-6880008cab9b","objOut":"456569c6-e7f6-4b00-bc85-bc0b524a02e9"}]},{"name":"Trigger 7","value":0},{"name":"Trigger 8","value":0},{"name":"Trigger 9","value":0},{"name":"Trigger 10","value":0},{"name":"Trigger 11","value":0},{"name":"Trigger 12","value":0},{"name":"Trigger 13","value":0},{"name":"Trigger 14","value":0},{"name":"Trigger 15","value":0},{"name":"Trigger 16","value":0},{"name":"Trigger 17","value":0},{"name":"Trigger 18","value":0},{"name":"Trigger 19","value":0},{"name":"Trigger 20","value":0},{"name":"Trigger 21","value":0},{"name":"Trigger 22","value":0},{"name":"Trigger 23","value":0},{"name":"Default Trigger","value":0}]},{"opId":"47796760-f211-47f5-9d6b-cc9cd6944897","objName":"Ops.WebAudio.SamplePlayer","id":"47d54549-a0e7-4872-9363-0e12cca8244f","uiAttribs":{"translate":{"x":888,"y":240},"subPatch":0,"selected":false,"notWorkingMsg":null,"fromNetwork":true},"portsIn":[{"name":"Audio Buffer"},{"name":"Play Sample"},{"name":"Stop Playback","value":0},{"name":"Start Time","value":0},{"name":"Offset","value":0},{"name":"Buffer Size","value":32},{"name":"Playback Rate","value":1},{"name":"Detune","value":0}],"portsOut":[{"name":"Audio Out","links":[{"portIn":"Audio In 1","portOut":"Audio Out","objIn":"9576b18e-5045-48df-87ea-5910d1e968eb","objOut":"47d54549-a0e7-4872-9363-0e12cca8244f"}]},{"name":"Is Playing","value":false}]},{"opId":"5f1d6a2f-1c04-4744-b0fb-910825beceee","objName":"Ops.WebAudio.AudioBuffer_v2","id":"d09efd40-57ec-4ff9-aac9-449237b8476b","uiAttribs":{"translate":{"x":804,"y":100},"subPatch":0,"notWorkingMsg":null,"selected":false,"comment":"puchito\n","fromNetwork":true,"history":{"lastInteractionAt":1642085717542,"lastInteractionBy":{"name":"maxipe"}}},"portsIn":[{"name":"URL","value":"assets/dame_un_puchito2.mp3","display":"file"},{"name":"Create Loading Task","value":true}],"portsOut":[{"name":"Audio Buffer","links":[{"portIn":"Audio Buffer","portOut":"Audio Buffer","objIn":"47d54549-a0e7-4872-9363-0e12cca8244f","objOut":"d09efd40-57ec-4ff9-aac9-449237b8476b"}]},{"name":"Finished Loading","value":true},{"name":"Sample Rate","value":48000},{"name":"Length","value":107075},{"name":"Duration","value":2.230729166666667},{"name":"Number of Channels","value":1},{"name":"isLoading","value":false}]},{"opId":"47796760-f211-47f5-9d6b-cc9cd6944897","objName":"Ops.WebAudio.SamplePlayer","id":"0e5fda26-ac09-4db5-b342-243dccc4ffc8","uiAttribs":{"translate":{"x":1116,"y":240},"subPatch":0,"selected":false,"notWorkingMsg":null,"fromNetwork":true},"portsIn":[{"name":"Audio Buffer"},{"name":"Play Sample"},{"name":"Stop Playback","value":0},{"name":"Start Time","value":0},{"name":"Offset","value":0},{"name":"Buffer Size","value":32},{"name":"Playback Rate","value":1},{"name":"Detune","value":0}],"portsOut":[{"name":"Audio Out","links":[{"portIn":"Audio In 2","portOut":"Audio Out","objIn":"9576b18e-5045-48df-87ea-5910d1e968eb","objOut":"0e5fda26-ac09-4db5-b342-243dccc4ffc8"}]},{"name":"Is Playing","value":false}]},{"opId":"5f1d6a2f-1c04-4744-b0fb-910825beceee","objName":"Ops.WebAudio.AudioBuffer_v2","id":"8b98a497-93dd-45b5-ab37-1c8ca3349308","uiAttribs":{"translate":{"x":984,"y":180},"subPatch":0,"notWorkingMsg":null,"selected":false,"comment":"megamineria\n","fromNetwork":true,"history":{"lastInteractionAt":1642085008268,"lastInteractionBy":{"name":"maxipe"}}},"portsIn":[{"name":"URL","value":"assets/megamineria_fracking.mp3","display":"file"},{"name":"Create Loading Task","value":true}],"portsOut":[{"name":"Audio Buffer","links":[{"portIn":"Audio Buffer","portOut":"Audio Buffer","objIn":"0e5fda26-ac09-4db5-b342-243dccc4ffc8","objOut":"8b98a497-93dd-45b5-ab37-1c8ca3349308"}]},{"name":"Finished Loading","value":true},{"name":"Sample Rate","value":48000},{"name":"Length","value":151513},{"name":"Duration","value":3.1565208333333334},{"name":"Number of Channels","value":1},{"name":"isLoading","value":false}]},{"opId":"47796760-f211-47f5-9d6b-cc9cd6944897","objName":"Ops.WebAudio.SamplePlayer","id":"9eeef74e-42fb-4396-94c9-6ed5c832cbdc","uiAttribs":{"translate":{"x":1344,"y":240},"subPatch":0,"selected":false,"notWorkingMsg":null,"fromNetwork":true},"portsIn":[{"name":"Audio Buffer"},{"name":"Play Sample"},{"name":"Stop Playback","value":0},{"name":"Start Time","value":0},{"name":"Offset","value":0},{"name":"Buffer Size","value":32},{"name":"Playback Rate","value":1},{"name":"Detune","value":0}],"portsOut":[{"name":"Audio Out","links":[{"portIn":"Audio In 3","portOut":"Audio Out","objIn":"9576b18e-5045-48df-87ea-5910d1e968eb","objOut":"9eeef74e-42fb-4396-94c9-6ed5c832cbdc"}]},{"name":"Is Playing","value":false}]},{"opId":"5f1d6a2f-1c04-4744-b0fb-910825beceee","objName":"Ops.WebAudio.AudioBuffer_v2","id":"3bbb0d09-f359-420a-9df2-56e704e1a08f","uiAttribs":{"translate":{"x":1212,"y":180},"subPatch":0,"notWorkingMsg":null,"selected":false,"comment":"moonsanto\n","fromNetwork":true,"history":{"lastInteractionAt":1642085861599,"lastInteractionBy":{"name":"maxipe"}}},"portsIn":[{"name":"URL","value":"assets/monsanto_2.mp3","display":"file"},{"name":"Create Loading Task","value":true}],"portsOut":[{"name":"Audio Buffer","links":[{"portIn":"Audio Buffer","portOut":"Audio Buffer","objIn":"9eeef74e-42fb-4396-94c9-6ed5c832cbdc","objOut":"3bbb0d09-f359-420a-9df2-56e704e1a08f"}]},{"name":"Finished Loading","value":true},{"name":"Sample Rate","value":48000},{"name":"Length","value":101722},{"name":"Duration","value":2.1192083333333334},{"name":"Number of Channels","value":1},{"name":"isLoading","value":false}]},{"opId":"47796760-f211-47f5-9d6b-cc9cd6944897","objName":"Ops.WebAudio.SamplePlayer","id":"78daa437-428e-485e-baf5-d8e7a31c6f80","uiAttribs":{"translate":{"x":1572,"y":240},"subPatch":0,"selected":false,"notWorkingMsg":null,"fromNetwork":true},"portsIn":[{"name":"Audio Buffer"},{"name":"Play Sample"},{"name":"Stop Playback","value":0},{"name":"Start Time","value":0},{"name":"Offset","value":0},{"name":"Buffer Size","value":32},{"name":"Playback Rate","value":1},{"name":"Detune","value":0}],"portsOut":[{"name":"Audio Out","links":[{"portIn":"Audio In 4","portOut":"Audio Out","objIn":"9576b18e-5045-48df-87ea-5910d1e968eb","objOut":"78daa437-428e-485e-baf5-d8e7a31c6f80"}]},{"name":"Is Playing","value":false}]},{"opId":"5f1d6a2f-1c04-4744-b0fb-910825beceee","objName":"Ops.WebAudio.AudioBuffer_v2","id":"a1d199a7-1083-4e99-b9e7-169a85de37e2","uiAttribs":{"translate":{"x":1440,"y":180},"subPatch":0,"notWorkingMsg":null,"selected":false,"comment":"fizer\n\n","fromNetwork":true,"history":{"lastInteractionAt":1642085035359,"lastInteractionBy":{"name":"maxipe"}}},"portsIn":[{"name":"URL","value":"assets/tengo_la_pfizer.mp3","display":"file"},{"name":"Create Loading Task","value":true}],"portsOut":[{"name":"Audio Buffer","links":[{"portIn":"Audio Buffer","portOut":"Audio Buffer","objIn":"78daa437-428e-485e-baf5-d8e7a31c6f80","objOut":"a1d199a7-1083-4e99-b9e7-169a85de37e2"}]},{"name":"Finished Loading","value":true},{"name":"Sample Rate","value":48000},{"name":"Length","value":171805},{"name":"Duration","value":3.579270833333333},{"name":"Number of Channels","value":1},{"name":"isLoading","value":false}]},{"opId":"47796760-f211-47f5-9d6b-cc9cd6944897","objName":"Ops.WebAudio.SamplePlayer","id":"0123309c-5a38-4484-bbfe-223c8829e87a","uiAttribs":{"translate":{"x":1764,"y":220},"subPatch":0,"selected":false,"notWorkingMsg":null,"fromNetwork":true},"portsIn":[{"name":"Audio Buffer"},{"name":"Play Sample"},{"name":"Stop Playback","value":0},{"name":"Start Time","value":0},{"name":"Offset","value":0},{"name":"Buffer Size","value":32},{"name":"Playback Rate","value":1},{"name":"Detune","value":0}],"portsOut":[{"name":"Audio Out","links":[{"portIn":"Audio In 5","portOut":"Audio Out","objIn":"9576b18e-5045-48df-87ea-5910d1e968eb","objOut":"0123309c-5a38-4484-bbfe-223c8829e87a"}]},{"name":"Is Playing","value":false}]},{"opId":"5f1d6a2f-1c04-4744-b0fb-910825beceee","objName":"Ops.WebAudio.AudioBuffer_v2","id":"f5969eaa-bbf4-41a5-841f-ea13393abbc3","uiAttribs":{"translate":{"x":1668,"y":180},"subPatch":0,"notWorkingMsg":null,"selected":false,"comment":"transgenicos\n","fromNetwork":true,"history":{"lastInteractionAt":1642085866584,"lastInteractionBy":{"name":"maxipe"}}},"portsIn":[{"name":"URL","value":"assets/transgenicos2.mp3","display":"file"},{"name":"Create Loading Task","value":true}],"portsOut":[{"name":"Audio Buffer","links":[{"portIn":"Audio Buffer","portOut":"Audio Buffer","objIn":"0123309c-5a38-4484-bbfe-223c8829e87a","objOut":"f5969eaa-bbf4-41a5-841f-ea13393abbc3"}]},{"name":"Finished Loading","value":true},{"name":"Sample Rate","value":48000},{"name":"Length","value":134650},{"name":"Duration","value":2.8052083333333333},{"name":"Number of Channels","value":1},{"name":"isLoading","value":false}]},{"opId":"47796760-f211-47f5-9d6b-cc9cd6944897","objName":"Ops.WebAudio.SamplePlayer","id":"07b14740-09ef-4be6-ba6e-6880008cab9b","uiAttribs":{"translate":{"x":1992,"y":220},"subPatch":0,"selected":false,"notWorkingMsg":null,"fromNetwork":true},"portsIn":[{"name":"Audio Buffer"},{"name":"Play Sample"},{"name":"Stop Playback","value":0},{"name":"Start Time","value":0},{"name":"Offset","value":0},{"name":"Buffer Size","value":32},{"name":"Playback Rate","value":1},{"name":"Detune","value":0}],"portsOut":[{"name":"Audio Out","links":[{"portIn":"Audio In 6","portOut":"Audio Out","objIn":"9576b18e-5045-48df-87ea-5910d1e968eb","objOut":"07b14740-09ef-4be6-ba6e-6880008cab9b"}]},{"name":"Is Playing","value":false}]},{"opId":"5f1d6a2f-1c04-4744-b0fb-910825beceee","objName":"Ops.WebAudio.AudioBuffer_v2","id":"783aeb45-c4bf-40a9-93b5-01b8abdb333e","uiAttribs":{"translate":{"x":1896,"y":180},"subPatch":0,"notWorkingMsg":null,"selected":false,"comment":"vacunate\n","fromNetwork":true,"history":{"lastInteractionAt":1642085064891,"lastInteractionBy":{"name":"maxipe"}}},"portsIn":[{"name":"URL","value":"assets/vacunate.mp3","display":"file"},{"name":"Create Loading Task","value":true}],"portsOut":[{"name":"Audio Buffer","links":[{"portIn":"Audio Buffer","portOut":"Audio Buffer","objIn":"07b14740-09ef-4be6-ba6e-6880008cab9b","objOut":"783aeb45-c4bf-40a9-93b5-01b8abdb333e"}]},{"name":"Finished Loading","value":true},{"name":"Sample Rate","value":48000},{"name":"Length","value":146102},{"name":"Duration","value":3.0437916666666665},{"name":"Number of Channels","value":1},{"name":"isLoading","value":false}]},{"opId":"22523fae-a623-401d-b952-a57c26de4b4e","objName":"Ops.WebAudio.AudioAnalyzer","id":"1096470c-504c-411e-9e98-7ab230245f5a","uiAttribs":{"translate":{"x":348,"y":300},"subPatch":0,"notWorkingMsg":null,"selected":false,"history":{"lastInteractionAt":1642089510223,"lastInteractionBy":{"name":"maxipe"}}},"portsIn":[{"name":"refresh"},{"name":"FFT size index","value":2},{"name":"FFT size","value":"256"},{"name":"Audio In"},{"name":"Data index","value":0},{"name":"Data","value":"Frequency"}],"portsOut":[{"name":"Next","value":0},{"name":"Audio Out"},{"name":"average volume","links":[{"portIn":"value","portOut":"average volume","objIn":"62ee6aa2-ff05-4223-9f66-a7558fd2b49c","objOut":"1096470c-504c-411e-9e98-7ab230245f5a"}]},{"name":"fft","value":{"0":0,"1":0,"2":0,"3":0,"4":0,"5":0,"6":0,"7":0,"8":0,"9":0,"10":0,"11":0,"12":0,"13":0,"14":0,"15":0,"16":0,"17":0,"18":0,"19":0,"20":0,"21":0,"22":0,"23":0,"24":0,"25":0,"26":0,"27":0,"28":0,"29":0,"30":0,"31":0,"32":0,"33":0,"34":0,"35":0,"36":0,"37":0,"38":0,"39":0,"40":0,"41":0,"42":0,"43":0,"44":0,"45":0,"46":0,"47":0,"48":0,"49":0,"50":0,"51":0,"52":0,"53":0,"54":0,"55":0,"56":0,"57":0,"58":0,"59":0,"60":0,"61":0,"62":0,"63":0,"64":0,"65":0,"66":0,"67":0,"68":0,"69":0,"70":0,"71":0,"72":0,"73":0,"74":0,"75":0,"76":0,"77":0,"78":0,"79":0,"80":0,"81":0,"82":0,"83":0,"84":0,"85":0,"86":0,"87":0,"88":0,"89":0,"90":0,"91":0,"92":0,"93":0,"94":0,"95":0,"96":0,"97":0,"98":0,"99":0,"100":0,"101":0,"102":0,"103":0,"104":0,"105":0,"106":0,"107":0,"108":0,"109":0,"110":0,"111":0,"112":0,"113":0,"114":0,"115":0,"116":0,"117":0,"118":0,"119":0,"120":0,"121":0,"122":0,"123":0,"124":0,"125":0,"126":0,"127":0}}]},{"opId":"cedffacf-0f09-4342-bd21-540bd9c8037d","objName":"Ops.Devices.TouchScreen","id":"229c50f6-f921-491e-aac8-ef8bc75b801f","uiAttribs":{"history":{"createdAt":1642090281533,"createdBy":{"name":"maxipe"},"lastInteractionAt":1642090281533,"lastInteractionBy":{"name":"maxipe"}},"subPatch":0,"translate":{"x":864,"y":-140},"selected":false},"portsIn":[{"name":"Disable Scaling","value":true},{"name":"Disable Scroll","value":true},{"name":"HDPI Coordinates","value":false},{"name":"Active","value":true},{"name":"Area index","value":0},{"name":"Area","value":"Canvas"},{"name":"Normalize Coordinates","value":false},{"name":"Flip Y","value":false}],"portsOut":[{"name":"Touched","value":false},{"name":"Fingers","value":0},{"name":"Finger 1 X","links":[{"portIn":"value","portOut":"Finger 1 X","objIn":"e20801fd-a020-4286-9803-2334451c957a","objOut":"229c50f6-f921-491e-aac8-ef8bc75b801f"}]},{"name":"Finger 1 Y","links":[{"portIn":"value","portOut":"Finger 1 Y","objIn":"1230a843-66b8-4aef-b598-01ca37af0a4c","objOut":"229c50f6-f921-491e-aac8-ef8bc75b801f"}]},{"name":"Finger 1 Force","value":0},{"name":"Finger 2 X","value":0},{"name":"Finger 2 Y","value":0},{"name":"Events"},{"name":"Touch Start","links":[{"portIn":"In Trigger","portOut":"Touch Start","objIn":"2ed29a6e-2cc5-4fdd-abe3-d7f014e6f6e8","objOut":"229c50f6-f921-491e-aac8-ef8bc75b801f"}]},{"name":"Touch End","value":0}]},{"opId":"a9aba612-dc72-4108-a6fb-f0292463a186","objName":"Ops.Gl.TextureEffects.ToNormalMap","id":"40c3c8ba-a2ef-4d72-b2ee-87a823de6c97","uiAttribs":{"history":{"createdAt":1642098711771,"createdBy":{"name":"maxipe"},"lastInteractionAt":1642098711771,"lastInteractionBy":{"name":"maxipe"}},"subPatch":0,"translate":{"x":372,"y":140},"selected":false},"portsIn":[{"name":"render"},{"name":"Strength","value":4}],"portsOut":[{"name":"trigger","value":0}]},{"opId":"a5b43d4c-a9ea-4eaf-9ed0-f257d222659d","objName":"Ops.Gl.TextureEffects.ImageCompose_v2","id":"3ddad9f9-df66-498e-8736-985c2c6d6b56","uiAttribs":{"history":{"createdAt":1642098727287,"createdBy":{"name":"maxipe"},"lastInteractionAt":1642098771984,"lastInteractionBy":{"name":"maxipe"}},"subPatch":0,"translate":{"x":372,"y":-20},"selected":false},"portsIn":[{"name":"Render"},{"name":"Use viewport size","value":false},{"name":"Width","value":2048},{"name":"Height","value":2048},{"name":"Filter index","value":1},{"name":"Filter","value":"linear"},{"name":"Wrap index","value":1},{"name":"Wrap","value":"repeat"},{"name":"HDR","value":false},{"name":"Transparent","value":false}],"portsOut":[{"name":"Next","links":[{"portIn":"render","portOut":"Next","objIn":"1b6c6f19-4a51-4326-bd4a-e9f558c41ed2","objOut":"3ddad9f9-df66-498e-8736-985c2c6d6b56"}]},{"name":"texture_out","links":[{"portIn":"Normal Map","portOut":"texture_out","objIn":"b852c05c-485d-46f2-9034-974655e1aaa6","objOut":"3ddad9f9-df66-498e-8736-985c2c6d6b56"}]},{"name":"Aspect Ratio","value":1}]},{"opId":"8f6b2f15-fcb0-4597-90c0-e5173f2969fe","objName":"Ops.Gl.TextureEffects.DrawImage_v3","id":"1b6c6f19-4a51-4326-bd4a-e9f558c41ed2","uiAttribs":{"history":{"createdAt":1642098742648,"createdBy":{"name":"maxipe"},"lastInteractionAt":1642247619642,"lastInteractionBy":{"name":"maxipe"}},"subPatch":0,"translate":{"x":384,"y":60},"selected":false,"extendTitle":null},"portsIn":[{"name":"render"},{"name":"blendMode index","value":0},{"name":"blendMode","value":"normal"},{"name":"amount","value":0.117},{"name":"Image"},{"name":"removeAlphaSrc","value":false},{"name":"Mask","value":0},{"name":"Mask Src index","value":1},{"name":"Mask Src","value":"alpha channel"},{"name":"Invert alpha channel","value":false},{"name":"Aspect Ratio","value":false},{"name":"Stretch Axis index","value":0},{"name":"Stretch Axis","value":"X"},{"name":"Position","value":0},{"name":"Crop","value":false},{"name":"flip x","value":false},{"name":"flip y","value":false},{"name":"Transform","value":false},{"name":"Scale X","value":1},{"name":"Scale Y","value":1},{"name":"Position X","value":0},{"name":"Position Y","value":0},{"name":"Rotation","value":0},{"name":"Clip Repeat","value":false}],"portsOut":[{"name":"trigger","links":[{"portIn":"render","portOut":"trigger","objIn":"40c3c8ba-a2ef-4d72-b2ee-87a823de6c97","objOut":"1b6c6f19-4a51-4326-bd4a-e9f558c41ed2"}]}]},{"opId":"650baeb1-db2d-4781-9af6-ab4e9d4277be","objName":"Ops.Gl.Matrix.Transform","id":"687eb5aa-6a05-4e2d-a70c-3dfdb664b590","uiAttribs":{"history":{"createdAt":1642172624168,"createdBy":{"name":"maxipe"},"lastInteractionAt":1642335752044,"lastInteractionBy":{"name":"maxipe"}},"subPatch":0,"translate":{"x":-612,"y":100},"selected":false},"portsIn":[{"name":"render"},{"name":"posX","value":0},{"name":"posY","value":0},{"name":"posZ","value":-3.29},{"name":"scale","value":2.69},{"name":"rotX"},{"name":"rotY","value":0},{"name":"rotZ"}],"portsOut":[{"name":"trigger","links":[{"portIn":"Trigger In","portOut":"trigger","objIn":"c4f7e234-b776-47d4-9e9a-0176eaaed9af","objOut":"687eb5aa-6a05-4e2d-a70c-3dfdb664b590"}]}]},{"opId":"0d83ed06-cdbe-4fe0-87bb-0ccece7fb6e1","objName":"Ops.Gl.Phong.PhongMaterial_v6","id":"c4f7e234-b776-47d4-9e9a-0176eaaed9af","uiAttribs":{"history":{"createdAt":1642172813772,"createdBy":{"name":"maxipe"},"lastInteractionAt":1642278304595,"lastInteractionBy":{"name":"maxipe"}},"subPatch":0,"translate":{"x":-624,"y":240},"selected":false},"portsIn":[{"name":"Trigger In"},{"name":"R","value":1},{"name":"G","value":1},{"name":"B","value":1},{"name":"A","value":1},{"name":"Enable","value":true},{"name":"Albedo","value":0.977},{"name":"Roughness","value":1},{"name":"Active","value":false},{"name":"Fresnel Intensity","value":0.096},{"name":"Fresnel Width","value":1},{"name":"Fresnel Exponent","value":6},{"name":"Fresnel R","value":1},{"name":"Fresnel G","value":1},{"name":"Fresnel B","value":1},{"name":"Emissive Active","value":false},{"name":"Color Intensity","value":0.3},{"name":"Emissive R","value":0.4487626048110702},{"name":"Emissive G","value":0.8192662036350069},{"name":"Emissive B","value":0.3297431974994802},{"name":"Shininess","value":3.9},{"name":"Specular Amount","value":0.5},{"name":"Specular Model index","value":0},{"name":"Specular Model","value":"Phong"},{"name":"Energy Conservation","value":false},{"name":"Double Sided Material","value":true},{"name":"Falloff Mode index","value":0},{"name":"Falloff Mode","value":"A"},{"name":"Diffuse Texture"},{"name":"Specular Texture","value":0},{"name":"Normal Map","value":0},{"name":"AO Texture","value":0},{"name":"Emissive Texture","value":0},{"name":"Emissive Mask","value":0},{"name":"Opacity Texture","value":0},{"name":"Environment Map","value":0},{"name":"Env Map Mask","value":0},{"name":"Colorize Texture","value":false},{"name":"Diffuse Repeat X","value":1},{"name":"Diffuse Repeat Y","value":1},{"name":"Texture Offset X"},{"name":"Texture Offset Y","value":1},{"name":"Specular Intensity","value":1},{"name":"Normal Map Intensity","value":0.5},{"name":"AO Intensity","value":1},{"name":"Emissive Intensity","value":1},{"name":"Emissive Mask Intensity","value":1},{"name":"Env Map Intensity","value":1},{"name":"Env Mask Intensity","value":1},{"name":"Alpha Mask Source index","value":0},{"name":"Alpha Mask Source","value":"Luminance"},{"name":"Discard Transparent Pixels","value":false}],"portsOut":[{"name":"Trigger Out","links":[{"portIn":"Render","portOut":"Trigger Out","objIn":"76eb4659-f067-4644-b176-e77ee091ec32","objOut":"c4f7e234-b776-47d4-9e9a-0176eaaed9af"}]},{"name":"Shader"}]},{"opId":"a9c59d94-8aea-4c20-ab5d-63ce46ecfa16","objName":"Ops.Gl.GLTF.GltfScene_v3","id":"76eb4659-f067-4644-b176-e77ee091ec32","uiAttribs":{"translate":{"x":-624,"y":460},"history":{"createdAt":1642173164387,"createdBy":{"name":"maxipe"},"lastInteractionAt":1642278499438,"lastInteractionBy":{"name":"maxipe"}},"subPatch":0,"selected":false,"extendTitle":"cilinder"},"portsIn":[{"name":"data","value":""},{"name":"Render"},{"name":"glb File","value":"assets/61e1907e77164004edb8d9d7_cilinder.glb","display":"file"},{"name":"Draw","value":true},{"name":"Camera index","value":0},{"name":"Camera","value":"None"},{"name":"Animation","value":""},{"name":"Show Structure","value":0},{"name":"Center index","value":1},{"name":"Center","value":"XYZ"},{"name":"Rescale","value":true},{"name":"Rescale Size","value":2.5},{"name":"Time","value":0},{"name":"Sync to timeline","value":false},{"name":"Loop","value":true},{"name":"Normals Format index","value":0},{"name":"Normals Format","value":"XYZ"},{"name":"Vertices Format index","value":0},{"name":"Vertices Format","value":"XYZ"},{"name":"Calc Normals","value":false},{"name":"Materials","value":0},{"name":"Hide Nodes","value":0},{"name":"Active","value":true}],"portsOut":[{"name":"Render Before","value":0},{"name":"Next","value":0},{"name":"Generator","value":"Khronos glTF Blender I/O v1.6.16"},{"name":"GLTF Version","value":2},{"name":"GLTF Extensions Used"},{"name":"Anim Length","value":0},{"name":"Anim Time","value":0},{"name":"Json"},{"name":"Anims"},{"name":"BoundingPoints"},{"name":"Bounds"},{"name":"Finished","value":0},{"name":"Loading","value":false}]},{"opId":"4ecdc2ef-a242-4548-ad74-13f617119a64","objName":"Ops.Gl.GLTF.GltfDracoCompression","id":"962df8eb-fb82-4509-8d87-ba658ab1e320","uiAttribs":{"history":{"createdAt":1642173178276,"createdBy":{"name":"maxipe"},"lastInteractionAt":1642173178276,"lastInteractionBy":{"name":"maxipe"}},"subPatch":0,"translate":{"x":-396,"y":0},"selected":false},"portsIn":[],"portsOut":[]},{"opId":"a5b43d4c-a9ea-4eaf-9ed0-f257d222659d","objName":"Ops.Gl.TextureEffects.ImageCompose_v2","id":"93a229ac-b03e-4dfc-9fab-96e622d30bac","uiAttribs":{"history":{"createdAt":1642173216313,"createdBy":{"name":"maxipe"},"lastInteractionAt":1642279114826,"lastInteractionBy":{"name":"maxipe"}},"subPatch":0,"translate":{"x":-360,"y":-160},"selected":false},"portsIn":[{"name":"Render"},{"name":"Use viewport size","value":true},{"name":"Width","value":640},{"name":"Height","value":480},{"name":"Filter index","value":1},{"name":"Filter","value":"linear"},{"name":"Wrap index","value":1},{"name":"Wrap","value":"repeat"},{"name":"HDR","value":false},{"name":"Transparent","value":false}],"portsOut":[{"name":"Next","links":[{"portIn":"Render","portOut":"Next","objIn":"4d5706f2-1092-420e-9eaa-13d5bff32416","objOut":"93a229ac-b03e-4dfc-9fab-96e622d30bac"}]},{"name":"texture_out","links":[{"portIn":"Diffuse Texture","portOut":"texture_out","objIn":"c4f7e234-b776-47d4-9e9a-0176eaaed9af","objOut":"93a229ac-b03e-4dfc-9fab-96e622d30bac"}]},{"name":"Aspect Ratio","value":1.3539823008849559}]},{"opId":"aac7f721-208f-411a-adb3-79adae2e471a","objName":"Ops.Anim.Timer_v2","id":"a21fa244-325d-4146-934f-b51f0c78e9eb","uiAttribs":{"history":{"createdAt":1642173399829,"createdBy":{"name":"maxipe"},"lastInteractionAt":1642336029059,"lastInteractionBy":{"name":"maxipe"}},"subPatch":0,"translate":{"x":-252,"y":160},"selected":false},"portsIn":[{"name":"Speed","value":-0.5},{"name":"Play","value":true},{"name":"Reset","value":0},{"name":"Sync to timeline","value":false}],"portsOut":[{"name":"Time","links":[{"portIn":"Texture Offset X","portOut":"Time","objIn":"c4f7e234-b776-47d4-9e9a-0176eaaed9af","objOut":"a21fa244-325d-4146-934f-b51f0c78e9eb"}]}]},{"opId":"1943e09f-014c-4411-b39e-5db9d49a4972","objName":"Ops.Gl.TextureEffects.Stripes_v3","id":"4d5706f2-1092-420e-9eaa-13d5bff32416","uiAttribs":{"history":{"createdAt":1642173567684,"createdBy":{"name":"maxipe"},"lastInteractionAt":1642279248209,"lastInteractionBy":{"name":"maxipe"}},"subPatch":0,"translate":{"x":-852,"y":280},"selected":false},"portsIn":[{"name":"Render"},{"name":"Blend Mode index","value":0},{"name":"Blend Mode","value":"normal"},{"name":"Amount","value":1},{"name":"Num","value":4},{"name":"Width","value":0.5},{"name":"Rotate","value":0.04},{"name":"Offset","value":0},{"name":"Gradients","value":false},{"name":"Circular","value":false},{"name":"Invert"},{"name":"r","value":1},{"name":"g","value":1},{"name":"b","value":1}],"portsOut":[{"name":"trigger","links":[{"portIn":"render","portOut":"trigger","objIn":"57cb7ad1-241f-4d15-abf3-70859c6ac9bd","objOut":"4d5706f2-1092-420e-9eaa-13d5bff32416"}]}]},{"opId":"255bd15b-cc91-4a12-9b4e-53c710cbb282","objName":"Ops.Gl.Meshes.FullscreenRectangle","id":"80f2e3a7-f00b-47df-a575-cf2f035c9397","uiAttribs":{"history":{"createdAt":1642173908499,"createdBy":{"name":"maxipe"},"lastInteractionAt":1642173908499,"lastInteractionBy":{"name":"maxipe"}},"subPatch":0,"translate":{"x":600,"y":-380},"selected":false},"portsIn":[{"name":"render"},{"name":"Center in Canvas","value":false},{"name":"Flip Y","value":false},{"name":"Flip X","value":false},{"name":"Texture"}],"portsOut":[{"name":"trigger","value":0}]},{"opId":"d01fa820-396c-4cb5-9d78-6b14762852af","objName":"Ops.Gl.Render2Texture","id":"a1e08ea4-122f-4008-ad37-be25ac6cec7d","uiAttribs":{"history":{"createdAt":1642173920052,"createdBy":{"name":"maxipe"},"lastInteractionAt":1642335063825,"lastInteractionBy":{"name":"maxipe"}},"subPatch":0,"translate":{"x":-168,"y":-300},"selected":false},"portsIn":[{"name":"render"},{"name":"use viewport size","value":true},{"name":"texture width","value":765},{"name":"texture height","value":565},{"name":"Auto Aspect","value":false},{"name":"filter index","value":1},{"name":"filter","value":"linear"},{"name":"Wrap index","value":1},{"name":"Wrap","value":"Repeat"},{"name":"MSAA index","value":0},{"name":"MSAA","value":"2x"},{"name":"HDR","value":false},{"name":"Depth","value":true},{"name":"Clear","value":true}],"portsOut":[{"name":"trigger","links":[{"portIn":"render","portOut":"trigger","objIn":"c83741d5-7d34-4db7-92b4-4fa5e8a46a34","objOut":"a1e08ea4-122f-4008-ad37-be25ac6cec7d"}]},{"name":"texture","links":[{"portIn":"Image","portOut":"texture","objIn":"c0e14807-bfba-4e66-bad8-cb6459ace129","objOut":"a1e08ea4-122f-4008-ad37-be25ac6cec7d"}]},{"name":"textureDepth"}]},{"opId":"a5b43d4c-a9ea-4eaf-9ed0-f257d222659d","objName":"Ops.Gl.TextureEffects.ImageCompose_v2","id":"b35a5947-9707-4525-b415-f68e2ad979ee","uiAttribs":{"history":{"createdAt":1642173928825,"createdBy":{"name":"maxipe"},"lastInteractionAt":1642174644437,"lastInteractionBy":{"name":"maxipe"}},"subPatch":0,"translate":{"x":252,"y":-320},"selected":false},"portsIn":[{"name":"Render"},{"name":"Use viewport size","value":true},{"name":"Width","value":1350},{"name":"Height","value":1080},{"name":"Filter index","value":1},{"name":"Filter","value":"linear"},{"name":"Wrap index","value":1},{"name":"Wrap","value":"repeat"},{"name":"HDR","value":false},{"name":"Transparent","value":false}],"portsOut":[{"name":"Next","links":[{"portIn":"render","portOut":"Next","objIn":"499636a9-2cdd-4ece-8c61-6c67c481515c","objOut":"b35a5947-9707-4525-b415-f68e2ad979ee"}]},{"name":"texture_out","links":[{"portIn":"Texture","portOut":"texture_out","objIn":"80f2e3a7-f00b-47df-a575-cf2f035c9397","objOut":"b35a5947-9707-4525-b415-f68e2ad979ee"}]},{"name":"Aspect Ratio","value":1.3539823008849559}]},{"opId":"8f6b2f15-fcb0-4597-90c0-e5173f2969fe","objName":"Ops.Gl.TextureEffects.DrawImage_v3","id":"4697d208-76ff-4804-80f1-c1693fbfed40","uiAttribs":{"history":{"createdAt":1642173935562,"createdBy":{"name":"maxipe"},"lastInteractionAt":1642188700505,"lastInteractionBy":{"name":"maxipe"}},"subPatch":0,"translate":{"x":384,"y":-180},"selected":false},"portsIn":[{"name":"render"},{"name":"blendMode index","value":0},{"name":"blendMode","value":"normal"},{"name":"amount","value":1},{"name":"Image"},{"name":"removeAlphaSrc","value":false},{"name":"Mask","value":0},{"name":"Mask Src index","value":1},{"name":"Mask Src","value":"alpha channel"},{"name":"Invert alpha channel","value":false},{"name":"Aspect Ratio","value":false},{"name":"Stretch Axis index","value":0},{"name":"Stretch Axis","value":"X"},{"name":"Position","value":0},{"name":"Crop","value":false},{"name":"flip x","value":false},{"name":"flip y","value":false},{"name":"Transform","value":false},{"name":"Scale X","value":1},{"name":"Scale Y","value":1},{"name":"Position X","value":0},{"name":"Position Y","value":0},{"name":"Rotation","value":0},{"name":"Clip Repeat","value":false}],"portsOut":[{"name":"trigger","links":[{"portIn":"render","portOut":"trigger","objIn":"ef54ea72-1a8f-4e61-9276-8ff034540c6a","objOut":"4697d208-76ff-4804-80f1-c1693fbfed40"}]}]},{"opId":"d01fa820-396c-4cb5-9d78-6b14762852af","objName":"Ops.Gl.Render2Texture","id":"9c9af354-94a2-4211-8623-940535685a91","uiAttribs":{"history":{"createdAt":1642173956895,"createdBy":{"name":"maxipe"},"lastInteractionAt":1642174111473,"lastInteractionBy":{"name":"maxipe"}},"subPatch":0,"translate":{"x":-168,"y":-220},"selected":false},"portsIn":[{"name":"render"},{"name":"use viewport size","value":true},{"name":"texture width","value":765},{"name":"texture height","value":565},{"name":"Auto Aspect","value":false},{"name":"filter index","value":1},{"name":"filter","value":"linear"},{"name":"Wrap index","value":1},{"name":"Wrap","value":"Repeat"},{"name":"MSAA index","value":0},{"name":"MSAA","value":"none"},{"name":"HDR","value":false},{"name":"Depth","value":false},{"name":"Clear","value":false}],"portsOut":[{"name":"trigger","links":[{"portIn":"render","portOut":"trigger","objIn":"687eb5aa-6a05-4e2d-a70c-3dfdb664b590","objOut":"9c9af354-94a2-4211-8623-940535685a91"}]},{"name":"texture","links":[{"portIn":"Image","portOut":"texture","objIn":"499636a9-2cdd-4ece-8c61-6c67c481515c","objOut":"9c9af354-94a2-4211-8623-940535685a91"}]},{"name":"textureDepth"}]},{"opId":"8f6b2f15-fcb0-4597-90c0-e5173f2969fe","objName":"Ops.Gl.TextureEffects.DrawImage_v3","id":"499636a9-2cdd-4ece-8c61-6c67c481515c","uiAttribs":{"history":{"createdAt":1642173963931,"createdBy":{"name":"maxipe"},"lastInteractionAt":1642278786117,"lastInteractionBy":{"name":"maxipe"}},"subPatch":0,"translate":{"x":360,"y":-240},"selected":false},"portsIn":[{"name":"render"},{"name":"blendMode index","value":0},{"name":"blendMode","value":"normal"},{"name":"amount","value":1},{"name":"Image"},{"name":"removeAlphaSrc","value":false},{"name":"Mask","value":0},{"name":"Mask Src index","value":1},{"name":"Mask Src","value":"alpha channel"},{"name":"Invert alpha channel","value":false},{"name":"Aspect Ratio","value":false},{"name":"Stretch Axis index","value":0},{"name":"Stretch Axis","value":"X"},{"name":"Position","value":0},{"name":"Crop","value":false},{"name":"flip x","value":false},{"name":"flip y","value":false},{"name":"Transform","value":false},{"name":"Scale X","value":1},{"name":"Scale Y","value":1},{"name":"Position X","value":0},{"name":"Position Y","value":0},{"name":"Rotation","value":0},{"name":"Clip Repeat","value":false}],"portsOut":[{"name":"trigger","links":[{"portIn":"render","portOut":"trigger","objIn":"4697d208-76ff-4804-80f1-c1693fbfed40","objOut":"499636a9-2cdd-4ece-8c61-6c67c481515c"}]}]},{"opId":"3e679c17-f050-4bc8-bfe5-5b9190e7ce40","objName":"Ops.Gl.TextureEffects.FXAA","id":"57cb7ad1-241f-4d15-abf3-70859c6ac9bd","uiAttribs":{"history":{"createdAt":1642174162679,"createdBy":{"name":"maxipe"},"lastInteractionAt":1642278392877,"lastInteractionBy":{"name":"maxipe"}},"subPatch":0,"translate":{"x":-864,"y":500},"selected":false},"portsIn":[{"name":"render"},{"name":"span index","value":0},{"name":"span","value":"8"},{"name":"reduceMin","value":128},{"name":"reduceMul","value":8},{"name":"use viewport size","value":true},{"name":"width","value":0},{"name":"height","value":0}],"portsOut":[{"name":"trigger","value":0}]},{"opId":"559bb980-78fb-47a7-a199-16f10808b150","objName":"Ops.Anim.LFO","id":"3e6b2e8c-335b-43e4-a297-c49555e9523d","uiAttribs":{"history":{"createdAt":1642174375210,"createdBy":{"name":"maxipe"},"lastInteractionAt":1642174379099,"lastInteractionBy":{"name":"maxipe"}},"subPatch":0,"translate":{"x":-744,"y":140},"selected":false},"portsIn":[{"name":"Time"},{"name":"Type index","value":0},{"name":"Type","value":"block"},{"name":"Phase","value":0},{"name":"Amplitude","value":1}],"portsOut":[{"name":"Result","links":[{"portIn":"value","portOut":"Result","objIn":"63f775d5-4a40-4c79-b53a-ac6142b49e83","objOut":"3e6b2e8c-335b-43e4-a297-c49555e9523d"}]}]},{"opId":"aac7f721-208f-411a-adb3-79adae2e471a","objName":"Ops.Anim.Timer_v2","id":"785f666b-7846-4ab1-8cb6-b4c73fdf9cf5","uiAttribs":{"history":{"createdAt":1642174383878,"createdBy":{"name":"maxipe"},"lastInteractionAt":1642335982250,"lastInteractionBy":{"name":"maxipe"}},"subPatch":0,"translate":{"x":-744,"y":100},"selected":false},"portsIn":[{"name":"Speed","value":6.28},{"name":"Play","value":true},{"name":"Reset","value":0},{"name":"Sync to timeline","value":false}],"portsOut":[{"name":"Time","links":[{"portIn":"Time","portOut":"Time","objIn":"3e6b2e8c-335b-43e4-a297-c49555e9523d","objOut":"785f666b-7846-4ab1-8cb6-b4c73fdf9cf5"}]}]},{"opId":"2617b407-60a0-4ff6-b4a7-18136cfa7817","objName":"Ops.Math.MapRange","id":"63f775d5-4a40-4c79-b53a-ac6142b49e83","uiAttribs":{"history":{"createdAt":1642174399913,"createdBy":{"name":"maxipe"},"lastInteractionAt":1642174405619,"lastInteractionBy":{"name":"maxipe"}},"subPatch":0,"translate":{"x":-744,"y":200},"selected":false},"portsIn":[{"name":"value"},{"name":"old min","value":-1},{"name":"old max","value":1},{"name":"new min","value":0},{"name":"new max","value":1},{"name":"Easing index","value":0},{"name":"Easing","value":"Linear"}],"portsOut":[{"name":"result","links":[{"portIn":"Invert","portOut":"result","objIn":"4d5706f2-1092-420e-9eaa-13d5bff32416","objOut":"63f775d5-4a40-4c79-b53a-ac6142b49e83"}]}]},{"opId":"2617b407-60a0-4ff6-b4a7-18136cfa7817","objName":"Ops.Math.MapRange","id":"75edef7c-9965-483c-a46b-fb2f952fcbde","uiAttribs":{"history":{"createdAt":1642174464327,"createdBy":{"name":"maxipe"},"lastInteractionAt":1642175083147,"lastInteractionBy":{"name":"maxipe"}},"subPatch":0,"translate":{"x":204,"y":-100},"selected":false},"portsIn":[{"name":"value"},{"name":"old min","value":0},{"name":"old max","value":10},{"name":"new min","value":0},{"name":"new max","value":1},{"name":"Easing index","value":0},{"name":"Easing","value":"Linear"}],"portsOut":[{"name":"result","links":[{"portIn":"Add to number","portOut":"result","objIn":"16efd9e7-8181-4400-9cf5-698e8abec55a","objOut":"75edef7c-9965-483c-a46b-fb2f952fcbde"}]}]},{"opId":"5677b5b5-753a-4fbf-9e91-64c81ec68a2f","objName":"Ops.Anim.Smooth","id":"2c21c0e9-a8cf-4dae-a167-d53cf035b760","uiAttribs":{"history":{"createdAt":1642174514266,"createdBy":{"name":"maxipe"},"lastInteractionAt":1642174531503,"lastInteractionBy":{"name":"maxipe"}},"subPatch":0,"translate":{"x":156,"y":420},"selected":false},"portsIn":[{"name":"Update"},{"name":"Separate inc/dec","value":false},{"name":"Value"},{"name":"Inc factor","value":3},{"name":"Dec factor","value":4}],"portsOut":[{"name":"Next","value":0},{"name":"Result","links":[{"portIn":"Time","portOut":"Result","objIn":"75e3d467-f6c2-49b9-b9b4-40af24a23293","objOut":"2c21c0e9-a8cf-4dae-a167-d53cf035b760"},{"portIn":"value","portOut":"Result","objIn":"75edef7c-9965-483c-a46b-fb2f952fcbde","objOut":"2c21c0e9-a8cf-4dae-a167-d53cf035b760"}]}]},{"opId":"94ef0da0-c920-415c-81b0-fecbd437991d","objName":"Ops.Gl.TextureEffects.Hue","id":"be9f44da-a886-43c8-a773-ce59bc7458e6","uiAttribs":{"history":{"createdAt":1642175116618,"createdBy":{"name":"maxipe"},"lastInteractionAt":1642175184722,"lastInteractionBy":{"name":"maxipe"}},"subPatch":0,"translate":{"x":48,"y":-280},"selected":false},"portsIn":[{"name":"render"},{"name":"hue"},{"name":"Mask","value":0},{"name":"Offset","value":0}],"portsOut":[{"name":"trigger","value":0}]},{"opId":"a5b43d4c-a9ea-4eaf-9ed0-f257d222659d","objName":"Ops.Gl.TextureEffects.ImageCompose_v2","id":"899894d3-c05e-4ed0-8b41-90aff066afd7","uiAttribs":{"history":{"createdAt":1642175160896,"createdBy":{"name":"maxipe"},"lastInteractionAt":1642257145131,"lastInteractionBy":{"name":"maxipe"}},"subPatch":0,"translate":{"x":36,"y":-400},"selected":false},"portsIn":[{"name":"Render"},{"name":"Use viewport size","value":true},{"name":"Width","value":640},{"name":"Height","value":480},{"name":"Filter index","value":1},{"name":"Filter","value":"linear"},{"name":"Wrap index","value":1},{"name":"Wrap","value":"repeat"},{"name":"HDR","value":false},{"name":"Transparent","value":true}],"portsOut":[{"name":"Next","links":[{"portIn":"render","portOut":"Next","objIn":"c0e14807-bfba-4e66-bad8-cb6459ace129","objOut":"899894d3-c05e-4ed0-8b41-90aff066afd7"}]},{"name":"texture_out","links":[{"portIn":"image","portOut":"texture_out","objIn":"34441465-baf8-46d1-98bd-1b9d98029231","objOut":"899894d3-c05e-4ed0-8b41-90aff066afd7"},{"portIn":"Image","portOut":"texture_out","objIn":"4697d208-76ff-4804-80f1-c1693fbfed40","objOut":"899894d3-c05e-4ed0-8b41-90aff066afd7"}]},{"name":"Aspect Ratio","value":1.3539823008849559}]},{"opId":"8f6b2f15-fcb0-4597-90c0-e5173f2969fe","objName":"Ops.Gl.TextureEffects.DrawImage_v3","id":"c0e14807-bfba-4e66-bad8-cb6459ace129","uiAttribs":{"history":{"createdAt":1642173935562,"createdBy":{"name":"maxipe"},"lastInteractionAt":1642173935562,"lastInteractionBy":{"name":"maxipe"}},"subPatch":0,"translate":{"x":48,"y":-340},"selected":false},"portsIn":[{"name":"render"},{"name":"blendMode index","value":0},{"name":"blendMode","value":"normal"},{"name":"amount","value":1},{"name":"Image"},{"name":"removeAlphaSrc","value":false},{"name":"Mask","value":0},{"name":"Mask Src index","value":1},{"name":"Mask Src","value":"alpha channel"},{"name":"Invert alpha channel","value":false},{"name":"Aspect Ratio","value":false},{"name":"Stretch Axis index","value":0},{"name":"Stretch Axis","value":"X"},{"name":"Position","value":0},{"name":"Crop","value":false},{"name":"flip x","value":false},{"name":"flip y","value":false},{"name":"Transform","value":false},{"name":"Scale X","value":1},{"name":"Scale Y","value":1},{"name":"Position X","value":0},{"name":"Position Y","value":0},{"name":"Rotation","value":0},{"name":"Clip Repeat","value":false}],"portsOut":[{"name":"trigger","links":[{"portIn":"render","portOut":"trigger","objIn":"be9f44da-a886-43c8-a773-ce59bc7458e6","objOut":"c0e14807-bfba-4e66-bad8-cb6459ace129"}]}]},{"opId":"460574ca-dca2-4283-8c37-57a8c446a51f","objName":"Ops.Math.Accumulator","id":"16efd9e7-8181-4400-9cf5-698e8abec55a","uiAttribs":{"history":{"createdAt":1642175231123,"createdBy":{"name":"maxipe"},"lastInteractionAt":1642175361542,"lastInteractionBy":{"name":"maxipe"}},"subPatch":0,"translate":{"x":228,"y":0},"selected":false},"portsIn":[{"name":"Trigger in"},{"name":"Add to number"},{"name":"Multiplier to add number","value":0.015},{"name":"Default Value","value":1},{"name":"Set Default Value","value":0}],"portsOut":[{"name":"Current value","links":[{"portIn":"hue","portOut":"Current value","objIn":"be9f44da-a886-43c8-a773-ce59bc7458e6","objOut":"16efd9e7-8181-4400-9cf5-698e8abec55a"}]}]},{"opId":"559bb980-78fb-47a7-a199-16f10808b150","objName":"Ops.Anim.LFO","id":"e3db00b1-c631-414a-88aa-5528ad83c39a","uiAttribs":{"history":{"createdAt":1642175617650,"createdBy":{"name":"maxipe"},"lastInteractionAt":1642175617650,"lastInteractionBy":{"name":"maxipe"}},"subPatch":0,"translate":{"x":-492,"y":-60},"selected":false},"portsIn":[{"name":"Time"},{"name":"Type index","value":0},{"name":"Type","value":"sine"},{"name":"Phase","value":0},{"name":"Amplitude","value":1}],"portsOut":[{"name":"Result","links":[{"portIn":"value","portOut":"Result","objIn":"6c2fe363-a450-4ace-96ee-5ac8eb757b08","objOut":"e3db00b1-c631-414a-88aa-5528ad83c39a"}]}]},{"opId":"2617b407-60a0-4ff6-b4a7-18136cfa7817","objName":"Ops.Math.MapRange","id":"6c2fe363-a450-4ace-96ee-5ac8eb757b08","uiAttribs":{"history":{"createdAt":1642175622487,"createdBy":{"name":"maxipe"},"lastInteractionAt":1642175660875,"lastInteractionBy":{"name":"maxipe"}},"subPatch":0,"translate":{"x":-480,"y":40},"selected":false},"portsIn":[{"name":"value"},{"name":"old min","value":-1},{"name":"old max","value":1},{"name":"new min","value":-430},{"name":"new max","value":-460},{"name":"Easing index","value":0},{"name":"Easing","value":"Linear"}],"portsOut":[{"name":"result","links":[{"portIn":"rotX","portOut":"result","objIn":"687eb5aa-6a05-4e2d-a70c-3dfdb664b590","objOut":"6c2fe363-a450-4ace-96ee-5ac8eb757b08"}]}]},{"opId":"aac7f721-208f-411a-adb3-79adae2e471a","objName":"Ops.Anim.Timer_v2","id":"ee23b67f-66a1-497b-9830-1be363d42666","uiAttribs":{"history":{"createdAt":1642175675738,"createdBy":{"name":"maxipe"},"lastInteractionAt":1642336017664,"lastInteractionBy":{"name":"maxipe"}},"subPatch":0,"translate":{"x":-576,"y":-100},"selected":false},"portsIn":[{"name":"Speed","value":0.2},{"name":"Play","value":true},{"name":"Reset","value":0},{"name":"Sync to timeline","value":false}],"portsOut":[{"name":"Time","links":[{"portIn":"Time","portOut":"Time","objIn":"e3db00b1-c631-414a-88aa-5528ad83c39a","objOut":"ee23b67f-66a1-497b-9830-1be363d42666"},{"portIn":"Time","portOut":"Time","objIn":"9d6ffdc2-15f3-4893-ac88-e7f90f53b49e","objOut":"ee23b67f-66a1-497b-9830-1be363d42666"}]}]},{"opId":"2617b407-60a0-4ff6-b4a7-18136cfa7817","objName":"Ops.Math.MapRange","id":"c8005d10-e98b-49ba-90a9-4dddeaacced0","uiAttribs":{"history":{"createdAt":1642175716857,"createdBy":{"name":"maxipe"},"lastInteractionAt":1642175744852,"lastInteractionBy":{"name":"maxipe"}},"subPatch":0,"translate":{"x":-636,"y":20},"selected":false},"portsIn":[{"name":"value"},{"name":"old min","value":-1},{"name":"old max","value":1},{"name":"new min","value":-15},{"name":"new max","value":15},{"name":"Easing index","value":0},{"name":"Easing","value":"Linear"}],"portsOut":[{"name":"result","links":[{"portIn":"rotZ","portOut":"result","objIn":"687eb5aa-6a05-4e2d-a70c-3dfdb664b590","objOut":"c8005d10-e98b-49ba-90a9-4dddeaacced0"}]}]},{"opId":"559bb980-78fb-47a7-a199-16f10808b150","objName":"Ops.Anim.LFO","id":"9d6ffdc2-15f3-4893-ac88-e7f90f53b49e","uiAttribs":{"history":{"createdAt":1642175617650,"createdBy":{"name":"maxipe"},"lastInteractionAt":1642175770541,"lastInteractionBy":{"name":"maxipe"}},"subPatch":0,"translate":{"x":-588,"y":-40},"selected":false},"portsIn":[{"name":"Time"},{"name":"Type index","value":0},{"name":"Type","value":"triangle"},{"name":"Phase","value":0.5},{"name":"Amplitude","value":1}],"portsOut":[{"name":"Result","links":[{"portIn":"value","portOut":"Result","objIn":"c8005d10-e98b-49ba-90a9-4dddeaacced0","objOut":"9d6ffdc2-15f3-4893-ac88-e7f90f53b49e"}]}]},{"opId":"b24dbfdc-485c-49d2-92a1-7258efd9239a","objName":"Ops.Gl.Matrix.Camera","id":"c83741d5-7d34-4db7-92b4-4fa5e8a46a34","uiAttribs":{"history":{"createdAt":1642188594605,"createdBy":{"name":"maxipe"},"lastInteractionAt":1642279406051,"lastInteractionBy":{"name":"maxipe"}},"subPatch":0,"translate":{"x":-168,"y":-120},"selected":false},"portsIn":[{"name":"render"},{"name":"projection mode index","value":0},{"name":"projection mode","value":"prespective"},{"name":"frustum near","value":0.01},{"name":"frustum far","value":5000},{"name":"fov","value":17.45},{"name":"Auto Aspect Ratio","value":true},{"name":"Aspect Ratio","value":1},{"name":"eye X","value":0},{"name":"eye Y","value":0},{"name":"eye Z"},{"name":"center X","value":0},{"name":"center Y","value":0.02},{"name":"center Z","value":0},{"name":"truck","value":0.06912449067415147},{"name":"boom","value":-0.824},{"name":"dolly","value":0},{"name":"tilt","value":0},{"name":"pan","value":0},{"name":"roll","value":0}],"portsOut":[{"name":"trigger","links":[{"portIn":"render","portOut":"trigger","objIn":"87ae4069-8f64-4dea-b610-89bee62a9281","objOut":"c83741d5-7d34-4db7-92b4-4fa5e8a46a34"}]},{"name":"Aspect","value":1.3539823008849559},{"name":"Look At Array"}]},{"opId":"2617b407-60a0-4ff6-b4a7-18136cfa7817","objName":"Ops.Math.MapRange","id":"e20801fd-a020-4286-9803-2334451c957a","uiAttribs":{"history":{"createdAt":1642246757593,"createdBy":{"name":"maxipe"},"lastInteractionAt":1642246861438,"lastInteractionBy":{"name":"maxipe"}},"subPatch":0,"translate":{"x":-12,"y":0},"selected":false},"portsIn":[{"name":"value"},{"name":"old min","value":0},{"name":"old max","value":765,"useVariable":"width"},{"name":"new min","value":300},{"name":"new max","value":410},{"name":"Easing index","value":0},{"name":"Easing","value":"Linear"}],"portsOut":[{"name":"result","links":[{"portIn":"rotY","portOut":"result","objIn":"eb2de6a0-840c-432b-8a66-73fe5d9b9086","objOut":"e20801fd-a020-4286-9803-2334451c957a"}]}]},{"opId":"b5249226-6095-4828-8a1c-080654e192fa","objName":"Ops.Vars.VarSetNumber_v2","id":"1caa32b9-ca67-47fa-8589-a1342a79fc88","uiAttribs":{"title":"var set ","history":{"createdAt":1642246954097,"createdBy":{"name":"maxipe"},"lastInteractionAt":1642246954097,"lastInteractionBy":{"name":"maxipe"}},"subPatch":0,"translate":{"x":-144,"y":-660},"selected":false,"extendTitle":"#width"},"portsIn":[{"name":"Value"},{"name":"Variable","value":"width"},{"name":"Create new variable","value":0},{"name":"","value":["Rename"]}],"portsOut":[]},{"opId":"38ac43a1-1757-48f4-9450-29f07ac0d376","objName":"Ops.Gl.TextureEffects.ChromaticAberration","id":"74aa324d-a3f5-4308-a34b-187c5fe96684","uiAttribs":{"history":{"createdAt":1642247080972,"createdBy":{"name":"maxipe"},"lastInteractionAt":1642335402440,"lastInteractionBy":{"name":"maxipe"}},"subPatch":0,"translate":{"x":384,"y":-60},"selected":false},"portsIn":[{"name":"render"},{"name":"Blend Mode index","value":0},{"name":"Blend Mode","value":"normal"},{"name":"Amount","value":1},{"name":"Pixel","value":11.84},{"name":"Lens Distort","value":0.496},{"name":"Smooth","value":true},{"name":"Mask"}],"portsOut":[{"name":"trigger","value":0}]},{"opId":"a5b43d4c-a9ea-4eaf-9ed0-f257d222659d","objName":"Ops.Gl.TextureEffects.ImageCompose_v2","id":"8edb6637-9694-4e8f-9f74-72073e346340","uiAttribs":{"history":{"createdAt":1642247094297,"createdBy":{"name":"maxipe"},"lastInteractionAt":1642247094297,"lastInteractionBy":{"name":"maxipe"}},"subPatch":0,"translate":{"x":684,"y":-300},"selected":false},"portsIn":[{"name":"Render"},{"name":"Use viewport size","value":true},{"name":"Width","value":640},{"name":"Height","value":480},{"name":"Filter index","value":1},{"name":"Filter","value":"linear"},{"name":"Wrap index","value":1},{"name":"Wrap","value":"repeat"},{"name":"HDR","value":false},{"name":"Transparent","value":false}],"portsOut":[{"name":"Next","links":[{"portIn":"render","portOut":"Next","objIn":"ebd2771a-fcea-4998-83ad-fafe2e65443b","objOut":"8edb6637-9694-4e8f-9f74-72073e346340"}]},{"name":"texture_out","links":[{"portIn":"Mask","portOut":"texture_out","objIn":"74aa324d-a3f5-4308-a34b-187c5fe96684","objOut":"8edb6637-9694-4e8f-9f74-72073e346340"}]},{"name":"Aspect Ratio","value":1.3539823008849559}]},{"opId":"08d2ef19-3517-4c15-b9c6-56dc107e10ef","objName":"Ops.Gl.TextureEffects.WaveformGradient_v2","id":"ebd2771a-fcea-4998-83ad-fafe2e65443b","uiAttribs":{"history":{"createdAt":1642247108026,"createdBy":{"name":"maxipe"},"lastInteractionAt":1642247269420,"lastInteractionBy":{"name":"maxipe"}},"subPatch":0,"translate":{"x":672,"y":-240},"selected":false},"portsIn":[{"name":"render"},{"name":"Blend Mode index","value":0},{"name":"Blend Mode","value":"normal"},{"name":"Amount","value":1},{"name":"Mode index","value":0},{"name":"Mode","value":"Sine"},{"name":"Frequency","value":0.49},{"name":"Pow factor","value":4.74},{"name":"Offset","value":0},{"name":"Rotate","value":0},{"name":"r","value":1},{"name":"g","value":1},{"name":"b","value":1}],"portsOut":[{"name":"trigger","links":[{"portIn":"render","portOut":"trigger","objIn":"6c4a1fb2-8d6a-4696-9fdd-e34ff1755fab","objOut":"ebd2771a-fcea-4998-83ad-fafe2e65443b"}]}]},{"opId":"1555fefe-4eb4-4aed-84c0-ad54e0dae1c1","objName":"Ops.Gl.TextureEffects.PolarCoords","id":"6c4a1fb2-8d6a-4696-9fdd-e34ff1755fab","uiAttribs":{"history":{"createdAt":1642247118843,"createdBy":{"name":"maxipe"},"lastInteractionAt":1642247155783,"lastInteractionBy":{"name":"maxipe"}},"subPatch":0,"translate":{"x":672,"y":-200},"selected":false},"portsIn":[{"name":"render"},{"name":"Radius Inner","value":0},{"name":"Radius Outer","value":1},{"name":"Crop","value":false}],"portsOut":[{"name":"trigger","value":0}]},{"opId":"eaf4f7ce-08a3-4d1b-b9f4-ebc0b7b1cde1","objName":"Ops.Gl.Matrix.OrbitControls","id":"87ae4069-8f64-4dea-b610-89bee62a9281","uiAttribs":{"history":{"createdAt":1642256981311,"createdBy":{"name":"maxipe"},"lastInteractionAt":1642279314467,"lastInteractionBy":{"name":"maxipe"}},"subPatch":0,"translate":{"x":-192,"y":-40},"selected":false},"portsIn":[{"name":"render"},{"name":"min distance","value":0.05},{"name":"max distance","value":99999},{"name":"min rot y","value":0},{"name":"max rot y","value":0},{"name":"initial radius","value":0.05},{"name":"initial axis y","value":0.5},{"name":"initial axis x","value":0.25},{"name":"mul","value":1},{"name":"Smoothness","value":1},{"name":"Speed X","value":1},{"name":"Speed Y","value":1},{"name":"Active","value":true},{"name":"Allow Panning","value":false},{"name":"Allow Zooming","value":true},{"name":"Allow Rotation","value":false},{"name":"restricted","value":true},{"name":"Pointerlock","value":false},{"name":"Reset","value":0}],"portsOut":[{"name":"trigger","links":[{"portIn":"render","portOut":"trigger","objIn":"eb2de6a0-840c-432b-8a66-73fe5d9b9086","objOut":"87ae4069-8f64-4dea-b610-89bee62a9281"}]},{"name":"radius","value":0.05},{"name":"Rot X","value":90},{"name":"Rot Y","value":90}]},{"opId":"2617b407-60a0-4ff6-b4a7-18136cfa7817","objName":"Ops.Math.MapRange","id":"1230a843-66b8-4aef-b598-01ca37af0a4c","uiAttribs":{"history":{"createdAt":1642279370425,"createdBy":{"name":"maxipe"},"lastInteractionAt":1642335887961,"lastInteractionBy":{"name":"maxipe"}},"subPatch":0,"translate":{"x":936,"y":-280},"selected":false},"portsIn":[{"name":"value"},{"name":"old min","value":0},{"name":"old max","value":565,"useVariable":"height"},{"name":"new min","value":3},{"name":"new max","value":20},{"name":"Easing index","value":0},{"name":"Easing","value":"Linear"}],"portsOut":[{"name":"result","links":[{"portIn":"eye Z","portOut":"result","objIn":"c83741d5-7d34-4db7-92b4-4fa5e8a46a34","objOut":"1230a843-66b8-4aef-b598-01ca37af0a4c"}]}]},{"opId":"b5249226-6095-4828-8a1c-080654e192fa","objName":"Ops.Vars.VarSetNumber_v2","id":"b54478e0-4a8e-4857-973f-a27a378ccd15","uiAttribs":{"title":"var set ","history":{"createdAt":1642279459497,"createdBy":{"name":"maxipe"},"lastInteractionAt":1642279459497,"lastInteractionBy":{"name":"maxipe"}},"subPatch":0,"translate":{"x":72,"y":-640},"selected":false,"extendTitle":"#height"},"portsIn":[{"name":"Value"},{"name":"Variable","value":"height"},{"name":"Create new variable","value":0},{"name":"","value":["Rename"]}],"portsOut":[]},{"opId":"5c04608d-1e42-4e36-be00-1be4a81fc309","objName":"Ops.Gl.TextureEffects.ImageCompose","id":"84bc0de9-93ed-4306-a134-38abbc0e1e7f","uiAttribs":{"title":"image compose","warning":null,"hint":null,"subPatch":0,"translate":{"x":372,"y":-620},"notWorkingMsg":null,"selected":false,"history":{"lastInteractionAt":1642335090182,"lastInteractionBy":{"name":"maxipe"}}},"portsIn":[{"name":"render"},{"name":"use viewport size","value":true},{"name":"width","value":765},{"name":"height","value":565},{"name":"filter index","value":1},{"name":"filter","value":"linear"},{"name":"wrap index","value":0},{"name":"wrap","value":"clamp to edge"},{"name":"HDR","value":false},{"name":"Background Alpha","value":1}],"portsOut":[{"name":"trigger","links":[{"portIn":"render","portOut":"trigger","objIn":"34441465-baf8-46d1-98bd-1b9d98029231","objOut":"84bc0de9-93ed-4306-a134-38abbc0e1e7f"}]},{"name":"texture_out","links":[{"portIn":"Image","portOut":"texture_out","objIn":"ef54ea72-1a8f-4e61-9276-8ff034540c6a","objOut":"84bc0de9-93ed-4306-a134-38abbc0e1e7f"}]},{"name":"Aspect Ratio","value":1.3539823008849559}]},{"opId":"8248b866-9492-48c8-897d-3097c6fe6fe8","objName":"Ops.Gl.TextureEffects.DrawImage","id":"34441465-baf8-46d1-98bd-1b9d98029231","uiAttribs":{"subPatch":0,"translate":{"x":384,"y":-560},"notWorkingMsg":null,"selected":false,"history":{"lastInteractionAt":1642335093355,"lastInteractionBy":{"name":"maxipe"}}},"portsIn":[{"name":"render"},{"name":"amount","value":1},{"name":"blendMode index","value":0},{"name":"blendMode","value":"normal"},{"name":"image"},{"name":"imageAlpha","value":0},{"name":"alphaSrc index","value":0},{"name":"alphaSrc","value":"alpha channel"},{"name":"removeAlphaSrc","value":true},{"name":"invert alpha channel","value":false},{"name":"flip x","value":false},{"name":"flip y","value":false},{"name":"scale","value":1},{"name":"pos x","value":0},{"name":"pos y","value":0},{"name":"rotate","value":0}],"portsOut":[{"name":"trigger","links":[{"portIn":"render","portOut":"trigger","objIn":"a2c56f19-72d1-451e-86a1-2ebf1c90381d","objOut":"34441465-baf8-46d1-98bd-1b9d98029231"}]}]},{"opId":"54f26f53-f637-44c1-9bfb-a2f2b722e998","objName":"Ops.Gl.TextureEffects.Blur","id":"74e68125-6635-43ef-97b3-2c1d5f5ac960","uiAttribs":{"subPatch":0,"translate":{"x":384,"y":-480},"notWorkingMsg":null,"selected":false,"history":{"lastInteractionAt":1642335159682,"lastInteractionBy":{"name":"maxipe"}}},"portsIn":[{"name":"render"},{"name":"amount","value":0.63},{"name":"direction index","value":0},{"name":"direction","value":"both"},{"name":"Fast","value":false},{"name":"mask","value":0}],"portsOut":[{"name":"trigger","links":[{"portIn":"render","portOut":"trigger","objIn":"23b58676-a713-4ed9-9ce0-8218dc7ccb8f","objOut":"74e68125-6635-43ef-97b3-2c1d5f5ac960"}]}]},{"opId":"2175ae00-989c-4045-a52e-742d5c30bf4e","objName":"Ops.Gl.TextureEffects.LumaKey","id":"a2c56f19-72d1-451e-86a1-2ebf1c90381d","uiAttribs":{"subPatch":0,"translate":{"x":384,"y":-520},"notWorkingMsg":null,"selected":false,"history":{"lastInteractionAt":1642335195776,"lastInteractionBy":{"name":"maxipe"}}},"portsIn":[{"name":"render"},{"name":"Invert","value":true},{"name":"Black White","value":false},{"name":"Threshold","value":0.224}],"portsOut":[{"name":"trigger","links":[{"portIn":"render","portOut":"trigger","objIn":"74e68125-6635-43ef-97b3-2c1d5f5ac960","objOut":"a2c56f19-72d1-451e-86a1-2ebf1c90381d"}]}]},{"opId":"54f26f53-f637-44c1-9bfb-a2f2b722e998","objName":"Ops.Gl.TextureEffects.Blur","id":"23b58676-a713-4ed9-9ce0-8218dc7ccb8f","uiAttribs":{"subPatch":0,"translate":{"x":384,"y":-440},"notWorkingMsg":null,"selected":false,"history":{"lastInteractionAt":1642335264470,"lastInteractionBy":{"name":"maxipe"}}},"portsIn":[{"name":"render"},{"name":"amount","value":2.8},{"name":"direction index","value":0},{"name":"direction","value":"both"},{"name":"Fast","value":false},{"name":"mask","value":0}],"portsOut":[{"name":"trigger","value":0}]},{"opId":"8f6b2f15-fcb0-4597-90c0-e5173f2969fe","objName":"Ops.Gl.TextureEffects.DrawImage_v3","id":"ef54ea72-1a8f-4e61-9276-8ff034540c6a","uiAttribs":{"history":{"createdAt":1642334984707,"createdBy":{"name":"maxipe"},"lastInteractionAt":1642335008380,"lastInteractionBy":{"name":"maxipe"}},"subPatch":0,"translate":{"x":384,"y":-100},"selected":false,"extendTitle":"add"},"portsIn":[{"name":"render"},{"name":"blendMode index","value":0},{"name":"blendMode","value":"add"},{"name":"amount","value":1},{"name":"Image"},{"name":"removeAlphaSrc","value":false},{"name":"Mask","value":0},{"name":"Mask Src index","value":1},{"name":"Mask Src","value":"alpha channel"},{"name":"Invert alpha channel","value":false},{"name":"Aspect Ratio","value":false},{"name":"Stretch Axis index","value":0},{"name":"Stretch Axis","value":"X"},{"name":"Position","value":0},{"name":"Crop","value":false},{"name":"flip x","value":false},{"name":"flip y","value":false},{"name":"Transform","value":false},{"name":"Scale X","value":1},{"name":"Scale Y","value":1},{"name":"Position X","value":0},{"name":"Position Y","value":0},{"name":"Rotation","value":0},{"name":"Clip Repeat","value":false}],"portsOut":[{"name":"trigger","links":[{"portIn":"render","portOut":"trigger","objIn":"74aa324d-a3f5-4308-a34b-187c5fe96684","objOut":"ef54ea72-1a8f-4e61-9276-8ff034540c6a"}]}]}],"users":[],"userOps":[],"tags":[],"_id":"61d8b4a60eb3e54e84211a7b","name":"loro","userId":"5da67127981d4805bd880251","created":"2022-01-07T21:46:14.561Z","cloneOf":"61d8b443b8a2134e71c3a86d","updated":"2022-01-16T12:45:33.472Z","log":[{"_id":"61d8b4a60eb3e54e84211a7d","key":"collabsatcreate","text":"initial list of collaborators:"}],"__v":38,"shortId":"3FqwSU","buildInfo":{"ui":{"timestamp":1642093519649,"created":"2022-01-13T17:05:19.649Z","git":{"branch":"master","commit":"4915a0a526ca85fa926ed6750446328f8fc1e649","date":"2021-11-30T10:48:51.000Z","message":"icons"}},"host":"cables.gl"},"opsHash":"87780546a2aebbe844362073710ca0fe7fa2a85a","ui":{"timeLineLength":20,"bookmarks":[],"viewBoxesGl":{"0":{"x":281.6533560930668,"y":-230.91538338982886,"z":406.9978197293148}},"renderer":{"w":765,"h":565,"s":1}},"updatedByUser":"maxipe","cachedUsername":"maxipe","views":3,"statsAdmin":{"filenameScreenshots":["_screenshots/screenshot.png","_screenshots/screenshot_1641593232268.png","_screenshots/screenshot_1641872937122.png","_screenshots/screenshot_1642007670564.png","_screenshots/screenshot_1642008590928.png","_screenshots/screenshot_1642084847545.png","_screenshots/screenshot_1642085153104.png","_screenshots/screenshot_1642085535567.png","_screenshots/screenshot_1642085988263.png","_screenshots/screenshot_1642089002448.png","_screenshots/screenshot_1642089371000.png","_screenshots/screenshot_1642090035781.png","_screenshots/screenshot_1642090347534.png","_screenshots/screenshot_1642098656376.png","_screenshots/screenshot_1642099031964.png","_screenshots/screenshot_1642099280431.png","_screenshots/screenshot_1642099560126.png","_screenshots/screenshot_1642174499752.png","_screenshots/screenshot_1642174748877.png","_screenshots/screenshot_1642175352197.png","_screenshots/screenshot_1642175396588.png","_screenshots/screenshot_1642175907271.png","_screenshots/screenshot_1642175994524.png","_screenshots/screenshot_1642176151814.png","_screenshots/screenshot_1642188716374.png","_screenshots/screenshot_1642246636464.png","_screenshots/screenshot_1642247282369.png","_screenshots/screenshot_1642257209987.png","_screenshots/screenshot_1642257449272.png","_screenshots/screenshot_1642279487079.png","_screenshots/screenshot_1642293212424.png","_screenshots/screenshot_1642335303232.png","_screenshots/screenshot_1642335499156.png","_screenshots/screenshot_1642335783964.png","_screenshots/screenshot_converted.jpg","_screenshots/screenshot_converted.webp"],"filenameExports":[],"filenameAssets":["cilindersincompre.glb","cuidarse_es_cuidarnos.mp3","dame_un_puchito2.mp3","gltf_embedded_0.png","megamineria_fracking.mp3","monsanto_2.mp3","parrotcompress2.gltf","phase3_stereo.mp3","rigloro.glb","rigloro2.glb","rigloro3.glb","rigloro4.glb","tengo_la_pfizer.mp3","transgenicos2.mp3","vacunate.mp3"],"hasOldScreenshots":false,"hasOldExports":false,"sizeScreenshots":5594.99609375,"sizeExports":0,"sizeAssets":9349.8955078125},"deployments":{"lastDeployment":{"date":1642337037812,"service":"download"}},"exports":2}